Team,G,MP,FG,FGA,FG%,3P,3PA,3P%,2P,2PA,2P%,FT,FTA,FT%,ORB,DRB,TRB,AST,STL,BLK,TOV,PF,PTS,Season,W,L,W/L%,PS/G,PA/G,Conference
Milwaukee Bucks*,72,240.7,44.7,91.8,0.487,14.4,37.1,0.389,30.3,54.7,0.554,16.2,21.4,0.76,10.3,37.8,48.1,25.5,8.1,4.6,13.8,17.3,120.1,2020/2021,46,26,0.639,120.1,114.2,East
Brooklyn Nets*,72,241.7,43.1,87.3,0.494,14.2,36.1,0.392,29.0,51.2,0.565,18.1,22.5,0.804,8.9,35.5,44.4,26.8,6.7,5.3,13.5,19.0,118.6,2020/2021,48,24,0.667,118.6,114.1,East
Washington Wizards*,72,241.7,43.2,90.9,0.475,10.2,29.0,0.351,33.0,61.9,0.533,20.1,26.2,0.769,9.7,35.5,45.2,25.5,7.3,4.1,14.4,21.6,116.6,2020/2021,34,38,0.472,116.6,118.5,East
Utah Jazz*,72,241.0,41.3,88.1,0.468,16.7,43.0,0.389,24.5,45.1,0.544,17.2,21.5,0.799,10.6,37.6,48.3,23.7,6.6,5.2,14.2,18.5,116.4,2020/2021,52,20,0.722,116.4,107.2,West
Portland Trail Blazers*,72,240.3,41.3,91.1,0.453,15.7,40.8,0.385,25.6,50.3,0.509,17.8,21.6,0.823,10.6,33.9,44.5,21.3,6.9,5.0,11.1,18.9,116.1,2020/2021,42,30,0.583,116.1,114.3,West
Phoenix Suns*,72,242.8,43.3,88.3,0.49,13.1,34.6,0.378,30.3,53.7,0.563,15.6,18.7,0.834,8.8,34.2,42.9,26.9,7.2,4.3,12.5,19.1,115.3,2020/2021,51,21,0.708,115.3,109.5,West
Indiana Pacers,72,242.4,43.3,91.2,0.474,12.3,34.0,0.364,30.9,57.3,0.54,16.4,20.7,0.792,9.0,33.7,42.7,27.4,8.5,6.4,13.5,20.2,115.3,2020/2021,34,38,0.472,115.3,115.3,East
Denver Nuggets*,72,242.8,43.3,89.2,0.485,12.9,34.2,0.377,30.4,55.0,0.552,15.7,19.5,0.803,10.5,33.9,44.4,26.8,8.1,4.5,13.5,19.1,115.1,2020/2021,47,25,0.653,115.1,110.1,West
New Orleans Pelicans,72,242.1,42.5,89.1,0.477,10.6,30.4,0.348,31.9,58.6,0.544,19.0,26.1,0.729,11.7,35.7,47.4,26.0,7.6,4.4,14.6,18.0,114.6,2020/2021,31,41,0.431,114.6,114.9,West
Los Angeles Clippers*,72,240.0,41.8,86.7,0.482,14.3,34.7,0.411,27.5,52.0,0.529,16.2,19.3,0.839,9.4,34.7,44.2,24.4,7.1,4.1,13.2,19.2,114.0,2020/2021,47,25,0.653,114.0,107.8,West
Atlanta Hawks*,72,241.7,40.8,87.2,0.468,12.4,33.4,0.373,28.4,53.9,0.526,19.7,24.2,0.812,10.6,35.1,45.6,24.1,7.0,4.8,13.2,19.3,113.7,2020/2021,41,31,0.569,113.7,111.4,East
Sacramento Kings,72,240.3,42.6,88.6,0.481,12.1,33.3,0.364,30.5,55.3,0.551,16.4,22.0,0.745,9.4,32.0,41.4,25.5,7.5,5.0,13.4,19.4,113.7,2020/2021,31,41,0.431,113.7,117.4,West
Golden State Warriors,72,240.3,41.3,88.2,0.468,14.6,38.7,0.376,26.7,49.4,0.541,16.6,21.1,0.785,8.0,35.1,43.0,27.7,8.2,4.8,15.0,21.2,113.7,2020/2021,39,33,0.542,113.7,112.7,West
Philadelphia 76ers*,72,242.1,41.4,86.9,0.476,11.3,30.1,0.374,30.1,56.8,0.531,19.6,25.5,0.767,10.0,35.0,45.1,23.7,9.1,6.2,14.4,20.2,113.6,2020/2021,49,23,0.681,113.6,108.1,East
Memphis Grizzlies*,72,241.7,42.8,91.8,0.467,11.2,31.4,0.356,31.7,60.4,0.525,16.4,21.3,0.771,11.2,35.3,46.5,26.9,9.1,5.1,13.3,18.7,113.3,2020/2021,38,34,0.528,113.3,112.3,West
Boston Celtics*,72,241.4,41.5,88.9,0.466,13.6,36.4,0.374,27.9,52.5,0.53,16.1,20.8,0.775,10.6,33.6,44.3,23.5,7.7,5.3,14.1,20.4,112.6,2020/2021,36,36,0.5,112.6,111.2,East
Dallas Mavericks*,72,240.3,41.1,87.3,0.47,13.8,38.1,0.362,27.3,49.2,0.554,16.5,21.2,0.778,9.1,34.2,43.3,22.9,6.3,4.3,12.1,19.4,112.4,2020/2021,42,30,0.583,112.4,110.2,West
Minnesota Timberwolves,72,241.7,40.7,90.9,0.448,13.1,37.6,0.349,27.6,53.3,0.518,17.6,23.1,0.761,10.5,33.0,43.5,25.6,8.8,5.5,14.3,20.9,112.1,2020/2021,23,49,0.319,112.1,117.7,West
Toronto Raptors,72,240.3,39.7,88.7,0.448,14.5,39.3,0.368,25.3,49.3,0.512,17.4,21.3,0.815,9.4,32.1,41.6,24.1,8.6,5.4,13.2,21.2,111.3,2020/2021,27,45,0.375,111.3,111.7,East
San Antonio Spurs,72,242.8,41.9,90.5,0.462,9.9,28.4,0.35,31.9,62.1,0.514,17.4,22.0,0.792,9.3,34.6,43.9,24.4,7.0,5.1,11.4,18.0,111.1,2020/2021,33,39,0.458,111.1,112.8,West
Chicago Bulls,72,241.4,42.2,88.6,0.476,12.6,34.0,0.37,29.6,54.6,0.542,13.8,17.5,0.791,9.6,35.3,45.0,26.8,6.7,4.2,15.1,18.9,110.7,2020/2021,31,41,0.431,110.7,111.6,East
Los Angeles Lakers*,72,242.4,40.6,86.1,0.472,11.1,31.2,0.354,29.6,54.8,0.539,17.2,23.3,0.739,9.7,34.6,44.2,24.7,7.8,5.4,15.2,19.1,109.5,2020/2021,42,30,0.583,109.5,106.8,West
Charlotte Hornets,72,241.0,39.9,87.8,0.455,13.7,37.0,0.369,26.3,50.8,0.517,15.9,20.9,0.761,10.6,33.2,43.8,26.8,7.8,4.8,14.8,18.0,109.5,2020/2021,33,39,0.458,109.5,111.4,East
Houston Rockets,72,240.3,39.3,88.5,0.444,13.8,40.6,0.339,25.5,47.9,0.532,16.5,22.3,0.74,9.3,33.3,42.6,23.6,7.6,5.0,14.7,19.5,108.8,2020/2021,17,55,0.236,108.8,116.7,West
Miami Heat*,72,241.4,39.2,83.7,0.468,12.9,36.2,0.358,26.3,47.5,0.553,16.7,21.1,0.79,8.0,33.5,41.5,26.3,7.9,4.0,14.1,18.9,108.1,2020/2021,40,32,0.556,108.1,108.0,East
New York Knicks*,72,242.1,39.4,86.5,0.456,11.8,30.0,0.392,27.7,56.4,0.49,16.4,20.9,0.784,9.7,35.5,45.1,21.4,7.0,5.1,12.9,20.5,107.0,2020/2021,41,31,0.569,107.0,104.7,East
Detroit Pistons,72,242.1,38.7,85.6,0.452,11.6,32.9,0.351,27.1,52.7,0.515,17.8,23.4,0.759,9.6,33.1,42.7,24.2,7.4,5.2,14.9,20.5,106.6,2020/2021,20,52,0.278,106.6,111.1,East
Oklahoma City Thunder,72,241.0,38.8,88.0,0.441,11.9,35.1,0.339,26.9,52.9,0.509,15.5,21.3,0.725,9.9,35.7,45.6,22.1,7.0,4.4,16.1,18.1,105.0,2020/2021,22,50,0.306,105.0,115.6,West
Orlando Magic,72,240.7,38.3,89.2,0.429,10.9,31.8,0.343,27.4,57.4,0.476,16.6,21.4,0.775,10.4,35.1,45.4,21.8,6.9,4.4,12.8,17.2,104.0,2020/2021,21,51,0.292,104.0,113.3,East
Cleveland Cavaliers,72,242.1,38.6,85.8,0.45,10.0,29.7,0.336,28.6,56.0,0.51,16.7,22.4,0.743,10.4,32.3,42.8,23.8,7.8,4.5,15.5,18.2,103.8,2020/2021,22,50,0.306,103.8,112.3,East
Minnesota Timberwolves*,82,241.2,41.6,91.0,0.457,14.8,41.3,0.358,26.8,49.7,0.54,18.0,23.1,0.778,11.2,32.9,44.2,25.7,8.8,5.6,14.3,21.8,115.9,2021/2022,46,36,0.561,115.9,113.3,West
Memphis Grizzlies*,82,241.2,43.5,94.4,0.461,11.5,32.7,0.353,32.0,61.7,0.519,17.0,23.1,0.734,14.1,35.0,49.2,26.0,9.8,6.5,13.2,19.8,115.6,2021/2022,56,26,0.683,115.6,109.9,West
Milwaukee Bucks*,82,240.9,41.8,89.4,0.468,14.1,38.4,0.366,27.8,51.0,0.544,17.8,22.9,0.776,10.2,36.5,46.7,23.9,7.6,4.0,13.4,18.2,115.5,2021/2022,51,31,0.622,115.5,112.1,East
Charlotte Hornets,82,242.4,42.8,91.4,0.468,13.9,38.2,0.365,28.8,53.3,0.542,15.8,21.4,0.74,10.8,33.7,44.6,28.1,8.6,4.9,13.3,19.9,115.3,2021/2022,43,39,0.524,115.3,114.9,East
Phoenix Suns*,82,240.6,43.7,90.1,0.485,11.6,31.9,0.364,32.1,58.2,0.551,15.9,19.9,0.797,9.8,35.5,45.3,27.4,8.6,4.4,12.9,19.9,114.8,2021/2022,64,18,0.78,114.8,107.3,West
Atlanta Hawks*,82,240.3,41.5,88.3,0.47,12.9,34.4,0.374,28.6,53.9,0.531,18.1,22.3,0.812,10.0,33.9,44.0,24.6,7.2,4.2,11.9,18.7,113.9,2021/2022,43,39,0.524,113.9,112.4,East
Utah Jazz*,82,240.6,40.6,86.2,0.471,14.5,40.3,0.36,26.0,45.8,0.568,17.9,23.4,0.767,10.8,35.6,46.3,22.4,7.2,4.9,14.0,18.9,113.6,2021/2022,49,33,0.598,113.6,107.6,West
San Antonio Spurs,82,241.5,43.2,92.7,0.467,11.3,32.0,0.352,32.0,60.7,0.527,15.4,20.4,0.754,11.0,34.3,45.3,27.9,7.6,4.9,12.7,18.1,113.2,2021/2022,34,48,0.415,113.2,113.0,West
Brooklyn Nets*,82,240.9,42.0,88.4,0.475,11.5,31.7,0.361,30.5,56.7,0.538,17.5,21.7,0.805,10.3,34.1,44.4,25.3,7.1,5.5,14.1,20.4,112.9,2021/2022,44,38,0.537,112.9,112.1,East
Denver Nuggets*,82,241.5,41.7,86.3,0.483,12.7,35.9,0.353,29.0,50.4,0.575,16.7,21.0,0.795,9.2,34.9,44.1,27.8,7.2,3.7,14.5,20.0,112.7,2021/2022,48,34,0.585,112.7,110.4,West
Los Angeles Lakers,82,243.7,41.6,88.8,0.469,12.0,34.5,0.347,29.7,54.3,0.546,16.8,23.0,0.732,9.5,34.5,44.0,24.0,7.6,5.2,14.5,20.2,112.1,2021/2022,33,49,0.402,112.1,115.1,West
Boston Celtics*,82,242.7,40.7,87.4,0.466,13.2,37.1,0.356,27.5,50.3,0.547,17.0,20.9,0.816,10.5,35.5,46.1,24.8,7.2,5.8,13.6,18.5,111.8,2021/2022,51,31,0.622,111.8,104.5,East
Chicago Bulls*,82,240.6,41.7,86.9,0.48,10.6,28.8,0.369,31.1,58.1,0.535,17.5,21.5,0.813,8.7,33.7,42.3,23.9,7.1,4.1,12.8,18.8,111.6,2021/2022,46,36,0.561,111.6,112.0,East
Indiana Pacers,82,242.4,41.4,89.5,0.463,12.2,35.4,0.344,29.3,54.1,0.541,16.4,21.4,0.768,11.3,32.6,43.9,25.4,7.1,5.6,14.4,20.4,111.5,2021/2022,25,57,0.305,111.5,114.9,East
Golden State Warriors*,82,240.6,40.5,86.4,0.469,14.3,39.4,0.364,26.2,47.0,0.557,15.6,20.3,0.769,9.8,35.7,45.5,27.1,8.8,4.5,14.9,21.0,111.0,2021/2022,53,29,0.646,111.0,105.5,West
Sacramento Kings,82,241.5,40.5,88.1,0.46,11.4,33.2,0.344,29.1,54.9,0.53,17.9,23.3,0.768,9.6,33.4,42.9,23.7,7.2,4.5,14.1,18.9,110.3,2021/2022,30,52,0.366,110.3,115.8,West
Miami Heat*,82,242.1,39.6,84.8,0.467,13.6,35.8,0.379,26.0,49.0,0.531,17.3,21.4,0.808,9.8,33.9,43.7,25.5,7.4,3.2,14.6,20.5,110.0,2021/2022,53,29,0.646,110.0,105.6,East
Philadelphia 76ers*,82,241.5,39.4,84.5,0.466,11.6,31.8,0.364,27.8,52.7,0.527,19.6,23.8,0.821,8.5,33.8,42.3,23.7,7.7,5.3,12.5,19.4,109.9,2021/2022,51,31,0.622,109.9,107.3,East
Houston Rockets,82,240.9,39.4,86.4,0.456,13.5,38.7,0.349,25.9,47.7,0.543,17.5,24.5,0.713,9.6,32.4,42.0,23.6,7.3,4.7,16.5,20.6,109.7,2021/2022,20,62,0.244,109.7,118.2,West
Toronto Raptors*,82,242.1,40.6,91.3,0.445,11.9,34.2,0.349,28.7,57.1,0.503,16.2,21.3,0.759,13.4,32.0,45.3,22.1,9.0,4.6,12.5,19.6,109.4,2021/2022,48,34,0.585,109.4,107.1,East
New Orleans Pelicans*,82,240.9,40.2,88.0,0.457,10.6,32.1,0.332,29.5,55.9,0.528,18.3,23.2,0.789,12.0,33.2,45.2,25.0,8.3,4.0,14.1,19.7,109.3,2021/2022,36,46,0.439,109.3,110.3,West
Washington Wizards,82,241.8,40.6,86.0,0.472,10.5,30.6,0.342,30.1,55.4,0.543,17.0,21.7,0.783,9.0,34.1,43.1,25.0,6.4,5.0,13.1,18.8,108.6,2021/2022,35,47,0.427,108.6,112.0,East
Los Angeles Clippers,82,241.2,40.1,87.4,0.458,12.8,34.2,0.374,27.3,53.3,0.512,15.5,19.6,0.793,9.1,34.9,44.0,24.0,7.4,5.0,13.7,18.6,108.4,2021/2022,42,40,0.512,108.4,108.4,West
Dallas Mavericks*,82,240.9,39.3,85.1,0.461,13.1,37.4,0.35,26.2,47.8,0.548,16.4,21.2,0.771,9.3,33.8,43.0,23.4,6.7,4.0,12.5,19.7,108.0,2021/2022,52,30,0.634,108.0,104.7,West
Cleveland Cavaliers,82,240.6,39.7,84.6,0.469,11.6,32.8,0.355,28.1,51.9,0.541,16.8,22.1,0.76,10.2,34.0,44.2,25.2,7.1,4.2,14.4,17.5,107.8,2021/2022,44,38,0.537,107.8,105.7,East
New York Knicks,82,241.2,37.7,86.2,0.437,13.2,36.9,0.357,24.5,49.3,0.497,18.0,24.1,0.744,11.5,34.6,46.1,21.9,7.0,4.9,13.3,20.4,106.5,2021/2022,37,45,0.451,106.5,106.6,East
Portland Trail Blazers,82,240.6,38.5,87.1,0.442,12.7,36.8,0.346,25.8,50.3,0.513,16.4,21.6,0.76,10.4,32.5,42.9,22.9,8.0,4.5,14.5,21.1,106.2,2021/2022,27,55,0.329,106.2,115.1,West
Detroit Pistons,82,241.2,38.2,88.6,0.431,11.3,34.6,0.326,26.9,54.0,0.498,17.2,22.0,0.782,11.0,32.0,43.0,23.5,7.7,4.8,14.2,21.9,104.8,2021/2022,23,59,0.28,104.8,112.5,East
Orlando Magic,82,241.2,38.3,88.3,0.434,12.2,36.9,0.331,26.1,51.4,0.507,15.5,19.7,0.787,9.1,35.2,44.3,23.7,6.8,4.5,14.5,19.7,104.2,2021/2022,22,60,0.268,104.2,112.2,East
Oklahoma City Thunder,82,241.5,38.3,89.1,0.43,12.1,37.4,0.323,26.2,51.8,0.507,15.0,19.9,0.756,10.4,35.2,45.6,22.2,7.6,4.6,14.0,18.3,103.7,2021/2022,24,58,0.293,103.7,111.8,West
Sacramento Kings*,82,241.8,43.6,88.2,0.494,13.8,37.3,0.369,29.8,50.9,0.586,19.8,25.1,0.79,9.5,32.9,42.5,27.3,7.0,3.4,13.5,19.7,120.7,2022/2023,48,34,0.585,120.7,118.1,West
Golden State Warriors*,82,241.8,43.1,90.2,0.479,16.6,43.2,0.385,26.5,47.0,0.564,16.0,20.2,0.794,10.5,34.1,44.6,29.8,7.2,3.9,16.3,21.4,118.9,2022/2023,44,38,0.537,118.9,117.1,West
Atlanta Hawks*,82,242.1,44.6,92.4,0.483,10.8,30.5,0.352,33.9,61.8,0.548,18.5,22.6,0.818,11.2,33.2,44.4,25.0,7.1,4.9,12.9,18.8,118.4,2022/2023,41,41,0.5,118.4,118.1,East
Boston Celtics*,82,243.7,42.2,88.8,0.475,16.0,42.6,0.377,26.2,46.2,0.567,17.5,21.6,0.812,9.7,35.6,45.3,26.7,6.4,5.2,13.4,18.8,117.9,2022/2023,57,25,0.695,117.9,111.4,East
Oklahoma City Thunder,82,242.1,43.1,92.6,0.465,12.1,34.1,0.356,31.0,58.5,0.53,19.2,23.7,0.809,11.4,32.3,43.6,24.4,8.2,4.2,13.0,21.0,117.5,2022/2023,40,42,0.488,117.5,116.4,West
Los Angeles Lakers*,82,242.4,42.9,89.0,0.482,10.8,31.2,0.346,32.1,57.8,0.555,20.6,26.6,0.775,10.0,35.7,45.7,25.3,6.4,4.6,14.1,17.9,117.2,2022/2023,43,39,0.524,117.2,116.6,West
Utah Jazz,82,241.5,42.5,89.8,0.473,13.3,37.8,0.353,29.2,52.0,0.56,18.7,23.8,0.786,11.8,34.1,45.9,26.0,6.1,5.2,15.4,20.5,117.1,2022/2023,37,45,0.451,117.1,118.0,West
Memphis Grizzlies*,82,241.2,43.7,92.1,0.475,12.0,34.2,0.351,31.7,57.9,0.548,17.5,23.8,0.733,12.0,34.6,46.6,26.0,8.3,5.8,13.6,20.0,116.9,2022/2023,51,31,0.622,116.9,113.0,West
Milwaukee Bucks*,82,241.8,42.7,90.4,0.473,14.8,40.3,0.368,27.9,50.1,0.557,16.6,22.4,0.743,11.1,37.5,48.6,25.8,6.4,4.9,14.6,18.1,116.9,2022/2023,58,24,0.707,116.9,113.3,East
Indiana Pacers,82,240.9,42.0,89.6,0.469,13.6,37.0,0.367,28.4,52.6,0.54,18.7,23.7,0.79,10.1,31.4,41.5,27.0,7.7,5.8,14.9,21.2,116.3,2022/2023,35,47,0.427,116.3,119.5,East
New York Knicks*,82,243.4,42.0,89.4,0.47,12.6,35.7,0.354,29.4,53.6,0.547,19.4,25.5,0.761,12.6,34.0,46.6,22.9,6.4,4.1,13.0,20.3,116.0,2022/2023,47,35,0.573,116.0,113.1,East
Denver Nuggets*,82,240.9,43.6,86.4,0.504,11.8,31.2,0.379,31.8,55.2,0.575,16.8,22.4,0.751,10.1,32.9,43.0,28.9,7.5,4.5,14.5,18.6,115.8,2022/2023,53,29,0.646,115.8,112.5,West
Minnesota Timberwolves*,82,241.8,42.9,87.4,0.49,12.2,33.3,0.365,30.7,54.1,0.568,17.9,23.7,0.755,9.1,32.8,41.9,26.2,8.0,5.4,15.3,21.6,115.8,2022/2023,42,40,0.512,115.8,115.8,West
Philadelphia 76ers*,82,242.4,40.8,83.8,0.487,12.6,32.6,0.387,28.2,51.2,0.551,21.0,25.1,0.835,8.7,32.2,40.9,25.2,7.7,4.7,13.7,20.4,115.2,2022/2023,54,28,0.659,115.2,110.9,East
New Orleans Pelicans,82,242.1,42.0,87.6,0.48,11.0,30.1,0.364,31.1,57.5,0.541,19.3,24.4,0.793,10.6,33.1,43.7,25.9,8.3,4.1,14.6,20.5,114.4,2022/2023,42,40,0.512,114.4,112.5,West
Dallas Mavericks,82,243.0,40.0,84.3,0.475,15.2,41.0,0.371,24.8,43.3,0.574,19.0,25.1,0.755,7.6,31.2,38.8,22.9,6.3,3.7,12.2,20.7,114.2,2022/2023,38,44,0.463,114.2,114.1,West
Phoenix Suns*,82,241.2,42.1,90.1,0.467,12.2,32.6,0.374,29.9,57.5,0.52,17.2,21.7,0.793,11.8,32.4,44.2,27.3,7.1,5.3,13.5,21.2,113.6,2022/2023,45,37,0.549,113.6,111.6,West
Los Angeles Clippers*,82,241.8,41.1,86.1,0.477,12.7,33.4,0.381,28.4,52.7,0.539,18.7,23.9,0.781,9.8,33.4,43.2,23.9,7.1,4.4,14.2,19.5,113.6,2022/2023,44,38,0.537,113.6,113.1,West
Portland Trail Blazers,82,240.6,40.5,85.4,0.474,12.9,35.3,0.365,27.6,50.1,0.55,19.6,24.6,0.796,9.4,31.1,40.5,24.2,6.7,4.6,14.5,20.0,113.4,2022/2023,33,49,0.402,113.4,117.4,West
Brooklyn Nets*,82,240.6,41.5,85.1,0.487,12.8,33.8,0.378,28.7,51.3,0.559,17.7,22.1,0.8,8.2,32.3,40.5,25.5,7.1,6.2,13.7,21.1,113.4,2022/2023,45,37,0.549,113.4,112.5,East
Washington Wizards,82,240.9,42.1,86.9,0.485,11.3,31.7,0.356,30.9,55.2,0.559,17.6,22.4,0.785,9.4,34.2,43.6,25.4,6.8,5.2,14.1,18.8,113.2,2022/2023,35,47,0.427,113.2,114.4,East
Chicago Bulls,82,242.7,42.5,86.8,0.49,10.4,28.9,0.361,32.1,57.9,0.555,17.6,21.8,0.809,8.5,33.9,42.4,24.5,7.9,4.5,13.4,18.9,113.1,2022/2023,40,42,0.488,113.1,111.8,East
San Antonio Spurs,82,242.1,43.1,92.6,0.465,11.1,32.2,0.345,32.0,60.4,0.529,15.8,21.2,0.743,11.8,31.9,43.7,27.2,7.0,3.9,15.3,19.9,113.0,2022/2023,22,60,0.268,113.0,123.1,West
Toronto Raptors,82,241.5,41.9,91.3,0.459,10.7,32.0,0.335,31.1,59.3,0.525,18.4,23.4,0.784,12.7,30.3,43.0,23.9,9.4,5.2,11.7,20.0,112.9,2022/2023,41,41,0.5,112.9,111.4,East
Cleveland Cavaliers*,82,242.4,41.6,85.2,0.488,11.6,31.6,0.367,30.0,53.6,0.559,17.5,22.5,0.78,9.7,31.4,41.1,24.9,7.1,4.7,13.3,19.0,112.3,2022/2023,51,31,0.622,112.3,106.9,East
Orlando Magic,82,241.2,40.5,86.3,0.47,10.8,31.1,0.346,29.8,55.2,0.539,19.6,25.0,0.784,10.2,33.1,43.2,23.2,7.4,4.7,15.1,20.1,111.4,2022/2023,34,48,0.415,111.4,114.0,East
Charlotte Hornets,82,241.8,41.3,90.4,0.457,10.7,32.5,0.33,30.5,57.9,0.528,17.6,23.6,0.749,11.0,33.5,44.5,25.1,7.7,5.2,14.2,20.3,111.0,2022/2023,27,55,0.329,111.0,117.2,East
Houston Rockets,82,240.9,40.6,88.9,0.457,10.4,31.9,0.327,30.2,56.9,0.53,19.1,25.3,0.754,13.4,32.9,46.3,22.4,7.3,4.6,16.2,20.5,110.7,2022/2023,22,60,0.268,110.7,118.6,West
Detroit Pistons,82,241.5,39.6,87.1,0.454,11.4,32.4,0.351,28.2,54.6,0.516,19.8,25.7,0.771,11.2,31.3,42.4,23.0,7.0,3.8,15.1,22.1,110.3,2022/2023,17,65,0.207,110.3,118.5,East
Miami Heat*,82,241.5,39.2,85.3,0.46,12.0,34.8,0.344,27.3,50.5,0.54,19.1,23.0,0.831,9.7,30.9,40.6,23.8,8.0,3.0,13.5,18.5,109.5,2022/2023,44,38,0.537,109.5,109.8,East
Indiana Pacers*,82,240.3,47.0,92.7,0.507,13.2,35.3,0.374,33.8,57.4,0.589,16.1,20.5,0.782,10.1,31.4,41.5,30.8,7.7,5.9,12.9,21.4,123.3,2023/2024,47,35,0.573,123.3,120.2,East
Boston Celtics*,82,241.8,43.9,90.2,0.487,16.5,42.5,0.388,27.4,47.7,0.575,16.3,20.2,0.807,10.7,35.6,46.3,26.9,6.8,6.6,11.9,16.2,120.6,2023/2024,64,18,0.78,120.6,109.2,East
Oklahoma City Thunder*,82,241.5,44.5,89.3,0.499,13.3,34.2,0.389,31.3,55.1,0.567,17.7,21.5,0.825,8.8,33.2,42.0,27.1,8.5,6.6,12.7,18.8,120.1,2023/2024,57,25,0.695,120.1,112.7,West
Milwaukee Bucks*,82,241.5,43.1,88.5,0.487,14.2,38.1,0.373,29.0,50.4,0.574,18.5,23.9,0.774,9.4,34.8,44.2,26.5,6.8,5.0,12.9,19.2,119.0,2023/2024,49,33,0.598,119.0,116.4,East
Atlanta Hawks,82,242.1,43.0,92.5,0.465,13.7,37.7,0.364,29.3,54.8,0.535,18.5,23.2,0.797,12.5,32.2,44.7,26.6,7.5,4.5,13.5,18.6,118.3,2023/2024,36,46,0.439,118.3,120.5,East
Los Angeles Lakers*,82,242.1,43.7,87.5,0.499,11.8,31.4,0.377,31.8,56.2,0.567,18.9,24.2,0.782,8.2,34.9,43.1,28.5,7.4,5.5,14.0,15.6,118.0,2023/2024,47,35,0.573,118.0,117.4,West
Dallas Mavericks*,82,240.3,43.1,89.7,0.481,14.6,39.5,0.369,28.5,50.1,0.569,17.0,22.5,0.758,9.7,33.2,42.9,25.7,6.9,5.0,12.5,18.3,117.9,2023/2024,50,32,0.61,117.9,115.6,West
Golden State Warriors,82,241.8,43.7,91.6,0.477,14.8,38.9,0.38,28.9,52.7,0.548,15.6,20.0,0.78,12.1,34.6,46.7,29.3,7.0,4.6,14.3,19.5,117.8,2023/2024,46,36,0.561,117.8,115.2,West
Sacramento Kings,82,242.1,43.3,90.9,0.477,14.4,39.3,0.366,29.0,51.7,0.561,15.5,20.9,0.745,10.8,33.2,44.0,28.3,7.6,4.2,13.1,19.9,116.6,2023/2024,46,36,0.561,116.6,114.8,West
Phoenix Suns*,82,241.2,42.5,86.1,0.493,12.4,32.6,0.382,30.0,53.6,0.561,18.9,23.4,0.808,10.1,33.9,44.1,27.0,7.4,6.0,14.9,18.0,116.2,2023/2024,49,33,0.598,116.2,113.2,West
Utah Jazz,82,241.5,42.0,89.9,0.467,12.9,36.5,0.354,29.1,53.4,0.544,18.8,22.6,0.83,12.2,33.2,45.5,27.2,6.5,5.6,15.7,18.6,115.7,2023/2024,31,51,0.378,115.7,120.5,West
Los Angeles Clippers*,82,240.3,42.4,86.7,0.489,12.6,33.2,0.381,29.7,53.5,0.555,18.3,22.2,0.825,10.0,32.9,43.0,25.6,7.8,5.0,13.1,18.5,115.6,2023/2024,51,31,0.622,115.6,112.3,West
New Orleans Pelicans*,82,240.3,42.5,87.4,0.486,12.5,32.6,0.383,30.0,54.8,0.548,17.6,22.8,0.771,10.4,33.6,44.0,27.0,8.3,4.6,13.0,18.4,115.1,2023/2024,49,33,0.598,115.1,110.7,West
Denver Nuggets*,82,240.3,44.0,88.8,0.496,11.7,31.2,0.374,32.3,57.5,0.562,15.1,19.9,0.762,10.7,33.7,44.4,29.5,7.1,5.6,12.6,18.2,114.9,2023/2024,57,25,0.695,114.9,109.6,West
Philadelphia 76ers*,82,241.2,41.5,89.4,0.464,12.1,33.3,0.363,29.4,56.1,0.525,19.5,23.6,0.826,11.0,31.9,43.0,24.9,8.5,6.0,12.0,20.3,114.6,2023/2024,47,35,0.573,114.6,111.5,East
Houston Rockets,82,242.1,41.8,91.0,0.459,12.7,36.1,0.352,29.0,54.8,0.53,18.1,23.4,0.773,11.5,34.0,45.5,24.8,7.8,4.6,12.7,20.8,114.3,2023/2024,41,41,0.5,114.3,113.2,West
Washington Wizards,82,240.6,43.0,91.4,0.47,12.4,35.5,0.348,30.6,55.8,0.548,15.4,20.2,0.764,9.2,31.9,41.1,27.9,7.6,5.1,14.0,20.0,113.7,2023/2024,15,67,0.183,113.7,123.0,East
Minnesota Timberwolves*,82,241.5,41.3,85.0,0.485,12.6,32.7,0.387,28.6,52.4,0.546,17.8,22.9,0.777,9.4,34.2,43.6,26.6,7.9,6.1,14.2,18.8,113.0,2023/2024,56,26,0.683,113.0,106.5,West
New York Knicks*,82,240.6,41.3,88.7,0.465,13.2,35.8,0.369,28.1,52.9,0.531,17.0,21.8,0.78,12.7,32.5,45.2,24.4,7.5,4.1,13.2,17.6,112.8,2023/2024,50,32,0.61,112.8,108.2,East
Cleveland Cavaliers*,82,241.5,41.8,87.2,0.479,13.5,36.8,0.367,28.3,50.4,0.561,15.6,20.4,0.765,9.8,33.4,43.3,28.0,7.4,4.6,13.6,17.5,112.6,2023/2024,48,34,0.585,112.6,110.2,East
Toronto Raptors,82,241.5,42.3,89.7,0.471,11.5,33.1,0.347,30.8,56.6,0.543,16.3,21.6,0.756,10.9,31.8,42.7,28.5,7.7,4.7,14.0,18.4,112.4,2023/2024,25,57,0.305,112.4,118.8,East
Chicago Bulls,82,243.7,42.0,89.5,0.47,11.5,32.1,0.358,30.6,57.4,0.532,16.7,21.1,0.791,11.2,32.6,43.8,25.0,7.8,4.8,12.2,18.8,112.3,2023/2024,39,43,0.476,112.3,113.7,East
San Antonio Spurs,82,241.8,41.9,90.7,0.462,12.6,36.4,0.347,29.3,54.3,0.539,15.6,20.0,0.782,10.4,33.9,44.2,29.9,7.1,6.3,15.1,17.2,112.1,2023/2024,22,60,0.268,112.1,118.6,West
Orlando Magic*,82,241.2,40.5,84.9,0.476,11.0,31.3,0.352,29.5,53.6,0.549,18.5,24.4,0.759,10.5,31.8,42.3,24.7,8.2,5.2,14.7,19.7,110.5,2023/2024,47,35,0.573,110.5,108.4,East
Brooklyn Nets,82,241.5,40.7,89.1,0.456,13.3,36.7,0.362,27.4,52.4,0.522,15.8,20.9,0.756,11.4,32.6,44.1,25.6,6.8,5.2,13.1,18.5,110.4,2023/2024,32,50,0.39,110.4,113.3,East
Miami Heat*,82,240.9,39.8,85.6,0.465,12.5,33.7,0.37,27.4,51.9,0.527,18.0,22.0,0.818,9.3,33.0,42.3,25.8,7.5,3.4,12.7,17.3,110.1,2023/2024,46,36,0.561,110.1,108.4,East
Detroit Pistons,82,240.9,40.9,88.2,0.463,11.0,31.7,0.348,29.8,56.5,0.528,17.0,21.7,0.785,10.5,32.8,43.3,25.5,6.5,4.7,15.2,20.6,109.9,2023/2024,14,68,0.171,109.9,119.0,East
Charlotte Hornets,82,240.6,40.0,87.0,0.46,12.1,34.0,0.355,28.0,53.0,0.528,14.5,18.4,0.786,9.3,31.0,40.3,24.8,6.9,4.5,13.8,18.0,106.6,2023/2024,21,61,0.256,106.6,116.8,East
Portland Trail Blazers,82,242.4,39.4,89.7,0.439,11.5,33.2,0.345,27.9,56.5,0.494,16.2,20.5,0.791,12.6,30.1,42.7,23.1,7.6,4.3,15.2,20.2,106.4,2023/2024,21,61,0.256,106.4,115.4,West
Memphis Grizzlies,82,241.2,38.4,88.2,0.435,13.1,37.8,0.346,25.3,50.4,0.502,16.0,21.0,0.764,10.9,31.7,42.6,24.7,8.2,6.1,15.1,19.1,105.8,2023/2024,27,55,0.329,105.8,112.8,West
